{
  "rows": [
    {
      "name": "テニック一郎",
      "telnum": "11000000001"
    },
    {
      "name": "テニック二郎",
      "telnum": "11000000002"
    },
    {
      "name": "テニック三郎",
      "telnum": "11000000003"
    },
    {
      "name": "テニック四郎",
      "telnum": "11000000004"
    },
    {
      "name": "テニック五郎",
      "telnum": "11000000005"
    },
    {
      "name": "テニック六",
      "telnum": "11000000006"
    },
    {
      "name": "テニック七",
      "telnum": "11000000007"
    },
    {
      "name": "テニック八",
      "telnum": "11000000008"
    },
    {
      "name": "テニック九",
      "telnum": "11000000009"
    }
  ]
}
