{
  "groups": [
    {
      "name": "テニック",
      "rows": [
        {
          "name": "テニック株式会社",
          "name_kana": "テニックカブシキカイシャ",
          "telnum": "0333729974"
        },
        {
          "name": "柚木山 洋一",
          "name_kana": "ユキヤマ ヨウイチ",
          "telnum": "09083132422"
        },
        {
          "name": "久佐 和憲",
          "name_kana": "クサ カズノリ",
          "telnum": "09011113333"
        },
        {
          "name": "池田 誠",
          "name_kana": "イケダ マコト",
          "telnum": "09011114444"
        },
        {
          "name": "読み無",
          "name_kana": "abc",
          "telnum": "09011114444"
        },
        {
          "name": "読み無２",
          "name_kana": "読み無２",
          "telnum": "09011114444"
        }
      ]
    },
    {
      "name": "ブロードアース",
      "rows": [
        {
          "name": "ブロードアース株式会社",
          "name_kana": "ブロードアースカブシキカイシャ",
          "telnum": "0332308890"
        },
        {
          "name": "中岡 聡",
          "name_kana": "ナカオカ サトシ",
          "telnum": "09014242269"
        },
        {
          "name": "あいうえおかきくけこさしすせそたちつてとなにぬねのはひふへほまみむめも",
          "name_kana": "アイウエオカキクケコサシスセソタチツテトナニヌネノハヒフヘホマミムメモ",
          "telnum": "09022223333"
        }
      ]
    },
    {
      "name": "あいうえおかきくけこさしすせそたちつてとなにぬねのはひふへほまみむめも",
      "rows": [
        {
          "name": "だれか１",
          "name_kana": "ダレカ1",
          "telnum": "09033331111"
        },
        {
          "name": "だれか２",
          "name_kana": "ダレカ2",
          "telnum": "09033332222"
        },
        {
          "name": "だれか３",
          "name_kana": "ダレカ3",
          "telnum": "09033333333"
        },
        {
          "name": "だれか４",
          "name_kana": "ダレカ4",
          "telnum": "09033334444"
        },
        {
          "name": "だれか５",
          "name_kana": "ダレカ5",
          "telnum": "09033335555"
        },
        {
          "name": "だれか６",
          "name_kana": "ダレカ6",
          "telnum": "09033336666"
        },
        {
          "name": "だれか７",
          "name_kana": "ダレカ7",
          "telnum": "09033337777"
        }
      ]
    },
    {
      "name": "内線",
      "rows": [
        {
          "name": "なにか１",
          "name_kana": "ナニカ１",
          "telnum": "0333729974"
        },
        {
          "name": "なにか２",
          "name_kana": "ナニカ２",
          "telnum": "09083132422"
        },
        {
          "name": "なにか３",
          "name_kana": "ナニカ３",
          "telnum": "0333729975"
        },
        {
          "name": "なにか４",
          "name_kana": "ナニカ４",
          "telnum": "0333729975"
        },
        {
          "name": "なにか５",
          "name_kana": "ナニカ５",
          "telnum": "0333729975"
        },
        {
          "name": "なにか６",
          "name_kana": "ナニカ６",
          "telnum": "0333729975"
        },
        {
          "name": "なにか７",
          "name_kana": "ナニカ７",
          "telnum": "0333729975"
        },
        {
          "name": "なにか８",
          "name_kana": "ナニカ８",
          "telnum": "0333729975"
        },
        {
          "name": "なにか９",
          "name_kana": "ナニカ９",
          "telnum": "0333729975"
        }
      ]
    }
  ]
}
