{
  "ELAccount": "",
  "ELPassword": "",
  "brokerUrl": "",
  "ELServerIp": "27.120.143.184",
  "ELServerPort": "9000",
  "uniqueId": "1234567890abcdef1234567890abcdef",
  "useUdp": 0,
  "sipPort": 5060,
  "rtpPort": 8040,
  "rtpPortSecond": 8042,
  "rtcpPort": 8041,
  "rtcpPortSecond": 8043,
  "regServerAddr": "2408:210:30c2:3810:20c:29ff:fea8:ac24",
  "regServerPort": 5060,
  "regDisplayname": "",
  "regUsername": "",
  "regDomain": "[2408:210:30c2:3810:20c:29ff:fea8:ac24]",
  "terminalInfo": "1234567890abcdef1234567890abcdef",
  "regAuthUser": "",
  "regAuthPass": "",
  "localDisplayname": "",
  "localUsername": "",
  "localHost": "",
  "localAuthUser": "",
  "localAuthPass": "",
  "t1": 500,
  "t2": 4000,
  "t4": 5000,
  "regExpire": 3600,
  "maxSessionCount": 2,
  "codecs": 0,
  "debugFile": 0,
  "wavFilePath": "/storage/emulated/0/Music/",
  "presenceServerAddr": "2408:210:30c2:3810:20c:29ff:fe23:8497",
  "presenceServerPort": 5060,
  "publishExpires": 3600,
  "UISideCtx": 0,
  "pbxServerAddr": "[2408:210:30c2:3810:20c:29ff:fea8:ac24]"
}